"""0"""	0.0050211	1.2900672	0.3312992	1.3727742	0.86454	0.86484
"""1"""	0.0077256	1.2554496	0.3280844	1.3746186	0.86484	0.86713
"""2"""	0.0088839	1.2432672	0.3285252	1.3750956	0.86713	0.87121
"""3"""	0.0115884	1.2449376	0.3286392	1.3787367	0.87121	0.86307
"""4"""	0.0127467	1.2453696	0.3295094	1.3852239	0.86307	0.85331
"""5"""	0.0154503	1.2486672	0.3310598	1.3722813	0.85331	0.8506
"""6"""	0.0166095	1.2545424	0.3279666	1.3567629	0.8506	0.84906
"""7"""	0.0193131	1.2428208	0.3242578	1.352454	0.84906	0.86342
"""8"""	0.0204723	1.2287664	0.323228	1.3500054	0.86342	0.87813
"""9"""	0.0231759	1.224864	0.3226428	1.3728378	0.87813	0.87928
"""10"""	0.0243351	1.2226464	0.3280996	1.3962267	0.87928	0.8861
"""11"""	0.0270387	1.2433248	0.3336894	1.3980552	0.8861	0.89294
"""12"""	0.028197	1.2645072	0.3341264	1.408899	0.89294	0.89512
"""13"""	0.0309015	1.2661632	0.336718	1.4197746	0.89512	0.90713
"""14"""	0.0320598	1.275984	0.3393172	1.4232408	0.90713	0.91409
"""15"""	0.0347643	1.2858336	0.3401456	1.4423367	0.91409	0.90665
"""16"""	0.0359226	1.2889728	0.3447094	1.4534031	0.90665	0.91975
"""17"""	0.0386262	1.3062672	0.3473542	1.4415735	0.91975	0.91986
"""18"""	0.0397854	1.3162896	0.344527	1.4624025	0.91986	0.93568
"""19"""	0.042489	1.305576	0.349505	1.4625774	0.93568	0.94614
"""20"""	0.0436482	1.32444	0.3495468	1.4877312	0.94614	0.93573
"""21"""	0.0463518	1.3245984	0.3555584	1.5043626	0.93573	0.93344
"""22"""	0.047511	1.3473792	0.3595332	1.4878107	0.93344	0.91322
"""23"""	0.0502146	1.3624416	0.3555774	1.4841696	0.91322	0.9095
"""24"""	0.0513738	1.3474512	0.3547072	1.4520198	0.9095	0.92965
"""25"""	0.0540774	1.3441536	0.3470236	1.446105	0.92965	0.93873
"""26"""	0.0552357	1.3150368	0.34561	1.4781435	0.93873	0.93985
"""27"""	0.0579402	1.30968	0.353267	1.4925807	0.93985	0.93369
"""28"""	0.0590985	1.338696	0.3567174	1.4943615	0.93369	0.92482
"""29"""	0.061803	1.3517712	0.357143	1.4845671	0.92482	0.92591
"""30"""	0.0629613	1.353384	0.3548022	1.4704638	0.92591	0.92684
"""31"""	0.0656649	1.3445136	0.3514316	1.4721969	0.92684	0.94642
"""32"""	0.0668241	1.3317408	0.3518458	1.4736756	0.94642	0.96495
"""33"""	0.0695277	1.3333104	0.3521992	1.5048078	0.96495	0.97527
"""34"""	0.0706869	1.3346496	0.3596396	1.5342705	0.97527	0.977
"""35"""	0.0733905	1.3628448	0.366681	1.5506793	0.977	0.97793
"""36"""	0.0745497	1.389528	0.3706026	1.55343	0.97793	0.98755
"""37"""	0.0772533	1.4043888	0.37126	1.5549087	0.98755	0.99103
"""38"""	0.0784116	1.40688	0.3716134	1.5702045	0.99103	0.98525
"""39"""	0.0811161	1.4082192	0.375269	1.5757377	0.98525	0.97388
"""40"""	0.0822744	1.422072	0.3765914	1.5665475	0.97388	0.98078
"""41"""	0.0849789	1.4270832	0.374395	1.5484692	0.98078	0.99621
"""42"""	0.0861372	1.41876	0.3700744	1.5594402	0.99621	1
"""43"""	0.0888408	1.4023872	0.3726964	1.5839739	1	0.99517
"""44"""	0.09	1.4123232	0.3785598	1.59	0.99517	0.99735
"""45"""	0	1.4345424	0.38	1.5823203	0.99735	0.99435
"""46"""	0.0011592	1.44	0.3781646	1.5857865	0.99435	0.99581
"""47"""	0.0038628	1.4330448	0.378993	1.5810165	0.99581	0.96416
"""48"""	0.0050211	1.436184	0.377853	1.5833379	0.96416	0.9789
"""49"""	0.0077256	1.431864	0.3784078	1.5330144	0.9789	0.97422
"""50"""	0.0088839	1.4339664	0.3663808	1.556451	0.97422	0.99059
"""51"""	0.0115884	1.3883904	0.371982	1.5490098	0.99059	0.99134
"""52"""	0.0127467	1.409616	0.3702036	1.5750381	0.99134	0.99651
"""53"""	0.0154503	1.4028768	0.3764242	1.5762306	0.99651	0.99703
"""54"""	0.0166095	1.4264496	0.3767092	1.5844509	0.99703	0.97902
"""55"""	0.0193131	1.4275296	0.3786738	1.5852777	0.97902	0.97187
"""56"""	0.0204723	1.4349744	0.3788714	1.5566418	0.97187	0.97833
"""57"""	0.0231759	1.4357232	0.3720276	1.5452733	0.97833	0.97751
"""58"""	0.0243351	1.4097888	0.3693106	1.5555447	0.97751	0.97827
"""59"""	0.0270387	1.3994928	0.3717654	1.5542409	0.97827	0.98177
"""60"""	0.028197	1.4087952	0.3714538	1.5554493	0.98177	0.93164
"""61"""	0.0309015	1.4076144	0.3717426	1.5610143	0.93164	0.77887
"""62"""	0.0320598	1.4087088	0.3730726	1.4813076	0.77887	0.73193
"""63"""	0.0347643	1.4137488	0.3540232	1.2384033	0.73193	0.6661
"""64"""	0.0359226	1.3415616	0.2959706	1.1637687	0.6661	0.50583
"""65"""	0.0386262	1.1215728	0.2781334	1.059099	0.50583	0.65872
"""66"""	0.0397854	1.0539792	0.253118	0.8042697	0.65872	0.56455
"""67"""	0.042489	0.959184	0.1922154	1.0473648	0.56455	0.59647
"""68"""	0.0436482	0.7283952	0.2503136	0.8976345	0.59647	0.69254
"""69"""	0.0463518	0.9485568	0.214529	0.9483873	0.69254	0.73334
"""70"""	0.047511	0.812952	0.2266586	1.1011386	0.73334	0.7644
"""71"""	0.0502146	0.8589168	0.2631652	1.1660106	0.7644	0.7379
"""72"""	0.0513738	0.9972576	0.2786692	1.215396	0.7379	0.73583
"""73"""	0.0540774	1.0560096	0.290472	1.173261	0.73583	0.77573
"""74"""	0.0552357	1.100736	0.280402	1.1699697	0.77573	0.71577
"""75"""	0.0579402	1.062576	0.2796154	1.2334107	0.71577	0.69011
"""76"""	0.0590985	1.0595952	0.2947774	1.1380743	0.69011	0.73451
"""77"""	0.061803	1.1170512	0.2719926	1.0972749	0.73451	0.72541
"""78"""	0.0629613	1.0307088	0.2622418	1.1678709	0.72541	0.72335
"""79"""	0.0656649	0.9937584	0.2791138	1.1534019	0.72335	0.73773
"""80"""	0.0668241	1.0576944	0.2756558	1.1501265	0.73773	0.76662
"""81"""	0.0695277	1.0445904	0.274873	1.1729907	0.76662	0.77173
"""82"""	0.0706869	1.041624	0.2803374	1.2189258	0.77173	0.77175
"""83"""	0.0733905	1.0623312	0.2913156	1.2270507	0.77175	0.81714
"""84"""	0.0745497	1.1039328	0.2932574	1.2270825	0.81714	0.8494
"""85"""	0.0772533	1.1112912	0.293265	1.2992526	0.8494	0.84747
"""86"""	0.0784116	1.11132	0.3105132	1.350546	0.84747	0.83397
"""87"""	0.0811161	1.1766816	0.322772	1.3474773	0.83397	0.82934
"""88"""	0.0822744	1.223136	0.3220386	1.3260123	0.82934	0.81474
"""89"""	0.0849789	1.2203568	0.3169086	1.3186506	0.81474	0.78712
"""90"""	0.0861372	1.2009168	0.3151492	1.2954366	0.78712	0.81114
"""91"""	0.0888408	1.1942496	0.3096012	1.2515208	0.81114	0.79832
"""92"""	0.09	1.1732256	0.2991056	1.2897126	0.79832	0.80438
"""93"""	0	1.1334528	0.3082332	1.2693288	0.80438	0.77322
"""94"""	0.0011592	1.1680416	0.3033616	1.2789642	0.77322	0.70675
"""95"""	0.0038628	1.1495808	0.3056644	1.2294198	0.70675	0.67564
"""96"""	0.0050211	1.1583072	0.2938236	1.1237325	0.67564	0.66349
"""97"""	0.0077256	1.1134368	0.268565	1.0742676	0.66349	0.70697
"""98"""	0.0088839	1.01772	0.2567432	1.0549491	0.70697	0.7023
"""99"""	0.0115884	0.9729216	0.2521262	1.1240823	0.7023	0.70852
"""100"""	0.0127467	0.9554256	0.2686486	1.116657	0.70852	0.70298
"""101"""	0.0154503	1.0180368	0.266874	1.1265468	0.70298	0.67679
"""102"""	0.0166095	1.011312	0.2692376	1.1177382	0.67679	0.71133
"""103"""	0.0193131	1.0202688	0.2671324	1.0760961	0.71133	0.69614
"""104"""	0.0204723	1.0122912	0.2571802	1.1310147	0.69614	0.70356
"""105"""	0.0231759	0.9745776	0.2703054	1.1068626	0.70356	0.71664
"""106"""	0.0243351	1.0243152	0.2645332	1.1186604	0.71664	0.76549
"""107"""	0.0270387	1.0024416	0.2673528	1.1394576	0.76549	0.78233
"""108"""	0.028197	1.0131264	0.2723232	1.2171291	0.78233	0.73956
"""109"""	0.0309015	1.0319616	0.2908862	1.2439047	0.73956	0.7409
"""110"""	0.0320598	1.1023056	0.2972854	1.1759004	0.7409	0.74766
"""111"""	0.0347643	1.1265552	0.2810328	1.178031	0.74766	0.76966
"""112"""	0.0359226	1.0649664	0.281542	1.1887794	0.76966	0.77751
"""113"""	0.0386262	1.066896	0.2841108	1.2237594	0.77751	0.77323
"""114"""	0.0397854	1.0766304	0.2924708	1.2362409	0.77323	0.75107
"""115"""	0.042489	1.1083104	0.2954538	1.2294357	0.75107	0.74052
"""116"""	0.0436482	1.1196144	0.2938274	1.1942013	0.74052	0.74575
"""117"""	0.0463518	1.1134512	0.2854066	1.1774268	0.74575	0.75216
"""118"""	0.047511	1.0815408	0.2813976	1.1857425	0.75216	0.74106
"""119"""	0.0502146	1.0663488	0.283385	1.1959344	0.74106	0.71385
"""120"""	0.0513738	1.07388	0.2858208	1.1782854	0.71385	0.70045
"""121"""	0.0540774	1.0831104	0.2816028	1.1350215	0.70045	0.71328
"""122"""	0.0552357	1.0671264	0.271263	1.1137155	0.71328	0.69405
"""123"""	0.0579402	1.027944	0.266171	1.1341152	0.69405	0.6275
"""124"""	0.0590985	1.008648	0.2710464	1.1035395	0.6275	0.59482
"""125"""	0.061803	1.0271232	0.263739	0.997725	0.59482	0.52853
"""126"""	0.0629613	0.999432	0.23845	0.9457638	0.52853	0.56259
"""127"""	0.0656649	0.9036	0.2260316	0.8403627	0.56259	0.57405
"""128"""	0.0668241	0.8565408	0.2008414	0.8945181	0.57405	0.53429
"""129"""	0.0695277	0.7610832	0.2137842	0.9127395	0.53429	0.47688
"""130"""	0.0706869	0.8101296	0.218139	0.8495211	0.47688	0.38397
"""131"""	0.0772533	0.826632	0.2030302	0.7582392	0.38397	0.48191
"""132"""	0.0784116	0.7693776	0.1812144	0.6105123	0.48191	0.48193
"""133"""	0.0811161	0.6867072	0.1459086	0.7662369	0.48193	0.52902
"""134"""	0.0822744	0.5529168	0.1831258	0.7662687	0.52902	0.51425
"""135"""	0.0849789	0.6939504	0.1831334	0.8411418	0.51425	0.47566
"""136"""	0.0861372	0.6939792	0.2010276	0.8176575	0.47566	0.43545
"""137"""	0.0888408	0.7617888	0.195415	0.7562994	0.43545	0.38514
"""138"""	0.09	0.74052	0.1807508	0.6923655	0.38514	0.4264
"""139"""	0	0.6849504	0.165471	0.6123726	0.4264	0.42422
"""140"""	0.0011592	0.627048	0.1463532	0.677976	0.42422	0.36737
"""141"""	0.0038628	0.5546016	0.162032	0.6745098	0.36737	0.25741
"""142"""	0.0050211	0.614016	0.1612036	0.5841183	0.25741	0.17197
"""143"""	0.0077256	0.6108768	0.1396006	0.4092819	0.17197	0.29179
"""144"""	0.0088839	0.5290128	0.0978158	0.2734323	0.29179	0.20598
"""145"""	0.0115884	0.3706704	0.0653486	0.4639461	0.20598	0.24986
"""146"""	0.0127467	0.2476368	0.1108802	0.3275082	0.24986	0.3091
"""147"""	0.0154503	0.4201776	0.0782724	0.3972774	0.3091	0.29765
"""148"""	0.0166095	0.2966112	0.0949468	0.491469	0.29765	0.24152
"""149"""	0.0193131	0.3597984	0.117458	0.4732635	0.24152	0.21099
"""150"""	0.0204723	0.445104	0.113107	0.3840168	0.21099	0.17322
"""151"""	0.0231759	0.428616	0.0917776	0.3354741	0.17322	0.16602
"""152"""	0.0243351	0.3477888	0.0801762	0.2754198	0.16602	0.07997
"""153"""	0.0270387	0.3038256	0.0658236	0.2639718	0.07997	0
"""154"""	0.028197	0.2494368	0.0630876	0.1271523	0	0.05064
"""155"""	0.0309015	0.2390688	0.0303886	0	0.05064	0.13309
"""156"""	0.0320598	0.1151568	0	0.0805176	0.13309	0.13077
"""157"""	0.0347643	0	0.0192432	0.2116131	0.13077	0.09441
"""158"""	0.0359226	0.0729216	0.0505742	0.2079243	0.09441	0.07937
"""159"""	0.0386262	0.1916496	0.0496926	0.1501119	0.07937	0.14471
"""160"""	0.0397854	0.1883088	0.0358758	0.1261983	0.14471	0.22522
"""161"""	0.042489	0.1359504	0.0301606	0.2300889	0.22522	0.25572
"""162"""	0.0436482	0.1142928	0.0549898	0.3580998	0.25572	0.33494
"""163"""	0.0463518	0.2083824	0.0855836	0.4065948	0.33494	0.25346
"""164"""	0.047511	0.3243168	0.0971736	0.5325546	0.25346	0.29876
"""165"""	0.0502146	0.3682368	0.1272772	0.4030014	0.29876	0.37696
"""166"""	0.0513738	0.4823136	0.0963148	0.4750284	0.37696	0.33444
"""167"""	0.0540774	0.3649824	0.1135288	0.5993664	0.33444	0.32752
"""168"""	0.0552357	0.4302144	0.1432448	0.5317596	0.32752	0.29017
"""169"""	0.0579402	0.5428224	0.1270872	0.5207568	0.29017	0.27216
"""170"""	0.0590985	0.4815936	0.1244576	0.4613703	0.27216	0.20307
"""171"""	0.061803	0.4716288	0.1102646	0.4327344	0.20307	0.14125
"""172"""	0.0629613	0.4178448	0.1034208	0.3228813	0.14125	0.19808
"""173"""	0.0656649	0.3919104	0.0771666	0.2245875	0.19808	0.24488
"""174"""	0.0668241	0.2924208	0.053675	0.3149472	0.24488	0.2392
"""175"""	0.0695277	0.2034	0.0752704	0.3893592	0.2392	0.24373
"""176"""	0.0706869	0.2852352	0.0930544	0.380328	0.24373	0.21781
"""177"""	0.0733905	0.3526272	0.090896	0.3875307	0.21781	0.1706
"""178"""	0.0745497	0.344448	0.0926174	0.3463179	0.1706	0.21144
"""179"""	0.0772533	0.3509712	0.0827678	0.271254	0.21144	0.24954
"""180"""	0.0784116	0.3136464	0.064828	0.3361896	0.24954	0.26739
"""181"""	0.0811161	0.245664	0.0803472	0.3967686	0.26739	0.25793
"""182"""	0.0822744	0.3044736	0.0948252	0.4251501	0.25793	0.23226
"""183"""	0.0849789	0.3593376	0.1016082	0.4101087	0.23226	0.17641
"""184"""	0.0861372	0.3850416	0.0980134	0.3692934	0.17641	0.14544
"""185"""	0.0888408	0.3714192	0.0882588	0.2804919	0.14544	0.16368
"""186"""	0.09	0.3344544	0.0670358	0.2312496	0.16368	0.15259
"""187"""	0	0.2540304	0.0552672	0.2602512	0.15259	0.18068
"""188"""	0.0011592	0.2094336	0.0621984	0.2426181	0.18068	0.14065
"""189"""	0.0038628	0.2356992	0.0579842	0.2872812	0.14065	0.11685
"""190"""	0.0050211	0.2197296	0.0686584	0.2236335	0.11685	0.13926
"""191"""	0.0077256	0.2601792	0.053447	0.1857915	0.13926	0.13552
"""192"""	0.0088839	0.202536	0.044403	0.2214234	0.13552	0.1793
"""193"""	0.0115884	0.168264	0.0529188	0.2154768	0.1793	0.16376
"""194"""	0.0127467	0.2005344	0.0514976	0.285087	0.16376	0.15225
"""195"""	0.0154503	0.1951488	0.068134	0.2603784	0.15225	0.16499
"""196"""	0.0166095	0.258192	0.0622288	0.2420775	0.16499	0.1709
"""197"""	0.0193131	0.2358144	0.057855	0.2623341	0.1709	0.17243
"""198"""	0.0204723	0.21924	0.0626962	0.271731	0.17243	0.17933
"""199"""	0.0231759	0.2375856	0.064942	0.2741637	0.17933	0.20563
"""200"""	0.0243351	0.246096	0.0655234	0.2851347	0.20563	0.23463
"""201"""	0.0270387	0.2482992	0.0681454	0.3269517	0.23463	0.23422
"""202"""	0.028197	0.2582352	0.0781394	0.3730617	0.23422	0.24182
"""203"""	0.0309015	0.2961072	0.0891594	0.3724098	0.24182	0.26276
"""204"""	0.0320598	0.3378672	0.0890036	0.3844938	0.26276	0.28849
"""205"""	0.0347643	0.3372768	0.0918916	0.4177884	0.28849	0.26572
"""206"""	0.0359226	0.3482208	0.0998488	0.4586991	0.26572	0.28386
"""207"""	0.0386262	0.3783744	0.1096262	0.4224948	0.28386	0.26903
"""208"""	0.0397854	0.4154256	0.1009736	0.4513374	0.26903	0.24277
"""209"""	0.042489	0.3826368	0.1078668	0.4277577	0.24277	0.2524
"""210"""	0.0436482	0.4087584	0.1022314	0.3860043	0.2524	0.17567
"""211"""	0.0463518	0.3874032	0.0922526	0.401316	0.17567	0.16537
"""212"""	0.047511	0.3495888	0.095912	0.2793153	0.16537	0.20521
"""213"""	0.0502146	0.363456	0.0667546	0.2629383	0.20521	0.21836
"""214"""	0.0513738	0.2529648	0.0628406	0.3262839	0.21836	0.21266
"""215"""	0.0540774	0.2381328	0.0779798	0.3471924	0.21266	0.19319
"""216"""	0.0552357	0.2955024	0.0829768	0.3381294	0.19319	0.19549
"""217"""	0.0579402	0.3144384	0.0808108	0.3071721	0.19549	0.16335
"""218"""	0.0590985	0.3062304	0.0734122	0.3108291	0.16335	0.16878
"""219"""	0.061803	0.2781936	0.0742862	0.2597265	0.16878	0.19274
"""220"""	0.0629613	0.2815056	0.062073	0.2683602	0.19274	0.21328
"""221"""	0.0656649	0.235224	0.0641364	0.3064566	0.21328	0.19685
"""222"""	0.0668241	0.2430432	0.0732412	0.3391152	0.19685	0.18308
"""223"""	0.0695277	0.2775456	0.0810464	0.3129915	0.18308	0.19186
"""224"""	0.0706869	0.3071232	0.074803	0.2910972	0.19186	0.20137
"""225"""	0.0733905	0.283464	0.0695704	0.3050574	0.20137	0.20078
"""226"""	0.0745497	0.2636352	0.0729068	0.3201783	0.20078	0.22511
"""227"""	0.0772533	0.2762784	0.0765206	0.3192402	0.22511	0.22212
"""228"""	0.0784116	0.2899728	0.0762964	0.3579249	0.22212	0.23335
"""229"""	0.0811161	0.2891232	0.0855418	0.3531708	0.23335	0.25485
"""230"""	0.0822744	0.3241584	0.0844056	0.3710265	0.25485	0.28331
"""231"""	0.0849789	0.3198528	0.088673	0.4052115	0.28331	0.32713
"""232"""	0.0861372	0.336024	0.096843	0.4504629	0.32713	0.31073
"""233"""	0.0888408	0.366984	0.1076578	0.5201367	0.31073	0.33596
"""234"""	0.09	0.4079664	0.1243094	0.4940607	0.33596	0.31754
"""235"""	0	0.4710672	0.1180774	0.5341764	0.31754	0.30451
"""236"""	0.0011592	0.4474512	0.1276648	0.5048886	0.30451	0.30441
"""237"""	0.0038628	0.4837824	0.1206652	0.4841709	0.30441	0.33787
"""238"""	0.0050211	0.4572576	0.1157138	0.4840119	0.33787	0.35041
"""239"""	0.0077256	0.4384944	0.1156758	0.5372133	0.35041	0.35241
"""240"""	0.0088839	0.4383504	0.1283906	0.5571519	0.35241	0.37808
"""241"""	0.0115884	0.4865328	0.1331558	0.5603319	0.37808	0.38724
"""242"""	0.0127467	0.5045904	0.1339158	0.6011472	0.38724	0.36413
"""243"""	0.0154503	0.5074704	0.1436704	0.6157116	0.36413	0.35045
"""244"""	0.0166095	0.5444352	0.1471512	0.5789667	0.35045	0.37431
"""245"""	0.0193131	0.5576256	0.1383694	0.5572155	0.37431	0.38819
"""246"""	0.0204723	0.5243472	0.133171	0.5951529	0.38819	0.41997
"""247"""	0.0231759	0.504648	0.1422378	0.6172221	0.41997	0.4353
"""248"""	0.0243351	0.5390064	0.1475122	0.6677523	0.4353	0.51339
"""249"""	0.0270387	0.5589936	0.1595886	0.692127	0.51339	0.5426
"""250"""	0.028197	0.6047568	0.165414	0.8162901	0.5426	0.48517
"""251"""	0.0309015	0.626832	0.1950882	0.862734	0.48517	0.47564
"""252"""	0.0320598	0.7392816	0.206188	0.7714203	0.47564	0.50223
"""253"""	0.0347643	0.781344	0.1843646	0.7562676	0.50223	0.51199
"""254"""	0.0359226	0.6986448	0.1807432	0.7985457	0.51199	0.51058
"""255"""	0.0386262	0.6849216	0.1908474	0.8140641	0.51058	0.49188
"""256"""	0.0397854	0.7232112	0.1945562	0.8118222	0.49188	0.51662
"""257"""	0.042489	0.7372656	0.1940204	0.7820892	0.51662	0.50673
"""258"""	0.0436482	0.7352352	0.1869144	0.8214258	0.50673	0.4943
"""259"""	0.0463518	0.7083072	0.1963156	0.8057007	0.4943	0.50412
"""260"""	0.047511	0.7439328	0.1925574	0.785937	0.50412	0.49379
"""261"""	0.0502146	0.7296912	0.187834	0.8015508	0.49379	0.51624
"""262"""	0.0513738	0.711792	0.1915656	0.7851261	0.51624	0.50449
"""263"""	0.0540774	0.7259328	0.1876402	0.8208216	0.50449	0.47174
"""264"""	0.0552357	0.7110576	0.1961712	0.8021391	0.47174	0.44266
"""265"""	0.0579402	0.7433856	0.1917062	0.7500666	0.44266	0.45969
"""266"""	0.0590985	0.7264656	0.1792612	0.7038294	0.45969	0.46953
"""267"""	0.061803	0.6793056	0.1682108	0.7309071	0.46953	0.50828
"""268"""	0.0629613	0.6374304	0.1746822	0.7465527	0.50828	0.49626
"""269"""	0.0656649	0.6619536	0.1784214	0.8081652	0.49626	0.48512
"""270"""	0.0668241	0.6761232	0.1931464	0.7890534	0.48512	0.4719
"""271"""	0.0695277	0.7319232	0.1885788	0.7713408	0.4719	0.45743
"""272"""	0.0706869	0.7146144	0.1843456	0.750321	0.45743	0.43504
"""273"""	0.0733905	0.6985728	0.179322	0.7273137	0.43504	0.44229
"""274"""	0.0745497	0.679536	0.1738234	0.6917136	0.44229	0.44533
"""275"""	0.0772533	0.6586992	0.1653152	0.7032411	0.44533	0.45595
"""276"""	0.0784116	0.6264576	0.1680702	0.7080747	0.45595	0.47743
"""277"""	0.0811161	0.6368976	0.1692254	0.7249605	0.47743	0.49027
"""278"""	0.0822744	0.6412752	0.173261	0.7591137	0.49027	0.48206
"""279"""	0.0849789	0.656568	0.1814234	0.7795293	0.48206	0.47299
"""280"""	0.0861372	0.6874992	0.1863026	0.7664754	0.47299	0.49728
"""281"""	0.0888408	0.7059888	0.1831828	0.7520541	0.49728	0.49934
"""282"""	0.09	0.6941664	0.1797362	0.7906752	0.49934	0.52388
"""283"""	0	0.6811056	0.1889664	0.7939506	0.52388	0.53562
"""284"""	0.0011592	0.7160832	0.1897492	0.8329692	0.53562	0.52799
"""285"""	0.0038628	0.7190496	0.1990744	0.8516358	0.52799	0.55124
"""286"""	0.0050211	0.7543872	0.2035356	0.8395041	0.55124	0.57141
"""287"""	0.0077256	0.7712928	0.2006362	0.8764716	0.57141	0.59134
"""288"""	0.0088839	0.7603056	0.2094712	0.9085419	0.59134	0.58551
"""289"""	0.0115884	0.7937856	0.2171358	0.9402306	0.58551	0.54838
"""290"""	0.0127467	0.8228304	0.2247092	0.9309609	0.54838	0.51941
"""291"""	0.0154503	0.8515296	0.2224938	0.8719242	0.51941	0.52857
"""292"""	0.0166095	0.8431344	0.2083844	0.8258619	0.52857	0.55272
"""293"""	0.0193131	0.7896672	0.1973758	0.8404263	0.55272	0.54209
"""294"""	0.0204723	0.7479504	0.2008566	0.8788248	0.54209	0.51963
"""295"""	0.0231759	0.7611408	0.2100336	0.8619231	0.51963	0.53333
"""296"""	0.0243351	0.7959168	0.2059942	0.8262117	0.53333	0.53647
"""297"""	0.0270387	0.7806096	0.1974594	0.8479947	0.53647	0.54748
"""298"""	0.028197	0.7482672	0.2026654	0.8529873	0.54748	0.54931
"""299"""	0.0309015	0.7679952	0.2038586	0.8704932	0.54931	0.53844
"""300"""	0.0320598	0.7725168	0.2080424	0.8734029	0.53844	0.54238
"""301"""	0.0347643	0.7883712	0.2087378	0.8561196	0.54238	0.52499
"""302"""	0.0359226	0.7910064	0.2046072	0.8623842	0.52499	0.52115
"""303"""	0.0386262	0.7753536	0.2061044	0.8347341	0.52115	0.52611
"""304"""	0.0397854	0.7810272	0.1994962	0.8286285	0.52611	0.52617
"""305"""	0.042489	0.7559856	0.198037	0.8365149	0.52617	0.53525
"""306"""	0.0436482	0.750456	0.1999218	0.8366103	0.53525	0.52777
"""307"""	0.0463518	0.7575984	0.1999446	0.8510475	0.52777	0.53709
"""308"""	0.047511	0.7576848	0.203395	0.8391543	0.53709	0.55429
"""309"""	0.0502146	0.77076	0.2005526	0.8539731	0.55429	0.56969
"""310"""	0.0513738	0.7599888	0.2040942	0.8813211	0.56969	0.5716
"""311"""	0.0540774	0.7734096	0.2106302	0.9058071	0.5716	0.56618
"""312"""	0.0552357	0.7981776	0.2164822	0.908844	0.56618	0.5734
"""313"""	0.0579402	0.8203536	0.217208	0.9002262	0.5734	0.56729
"""314"""	0.0590985	0.823104	0.2151484	0.911706	0.56729	0.55411
"""315"""	0.061803	0.8152992	0.217892	0.9019911	0.55411	0.55474
"""316"""	0.0629613	0.825696	0.2155702	0.8810349	0.55474	0.55833
"""317"""	0.0656649	0.8168976	0.2105618	0.8820366	0.55833	0.56853
"""318"""	0.0668241	0.7979184	0.2108012	0.8877447	0.56853	0.59148
"""319"""	0.0695277	0.7988256	0.2121654	0.9039627	0.59148	0.63838
"""320"""	0.0706869	0.8039952	0.2160414	0.9404532	0.63838	0.64793
"""321"""	0.0733905	0.8186832	0.2247624	1.0150242	0.64793	0.67464
"""322"""	0.0745497	0.8517312	0.2425844	1.0302087	0.67464	0.70991
"""323"""	0.0772533	0.9192672	0.2462134	1.0726776	0.70991	0.68786
"""324"""	0.0784116	0.9330192	0.2563632	1.1287569	0.68786	0.67406
"""325"""	0.0811161	0.9714816	0.2697658	1.0936974	0.67406	0.69115
"""326"""	0.0822744	1.0222704	0.2613868	1.0717554	0.69115	0.68136
"""327"""	0.0849789	0.9905184	0.2561428	1.0989285	0.68136	0.67145
"""328"""	0.0861372	0.9706464	0.262637	1.0833624	0.67145	0.67016
"""329"""	0.0888408	0.995256	0.2589168	1.0676055	0.67016	0.67805
"""330"""	0.09	0.9811584	0.255151	1.0655544	0.67805	0.69966
"""331"""	0	0.966888	0.2546608	1.0780995	0.69966	0.7065
"""332"""	0.0011592	0.9650304	0.257659	1.1124594	0.7065	0.70254
"""333"""	0.0038628	0.976392	0.2658708	1.123335	0.70254	0.67381
"""334"""	0.0050211	1.0075104	0.26847	1.1170386	0.67381	0.67575
"""335"""	0.0077256	1.01736	0.2669652	1.0713579	0.67575	0.63083
"""336"""	0.0088839	1.0116576	0.2560478	1.0744425	0.63083	0.61796
"""337"""	0.0115884	0.9702864	0.256785	1.0030197	0.61796	0.64457
"""338"""	0.0127467	0.97308	0.2397154	0.9825564	0.64457	0.62645
"""339"""	0.0154503	0.9083952	0.2348248	1.0248663	0.62645	0.63291
"""340"""	0.0166095	0.8898624	0.2449366	0.9960555	0.63291	0.65874
"""341"""	0.0193131	0.9281808	0.238051	1.0063269	0.65874	0.64102
"""342"""	0.0204723	0.902088	0.2405058	1.0473966	0.64102	0.63542
"""343"""	0.0231759	0.9113904	0.2503212	1.0192218	0.63542	0.64662
"""344"""	0.0243351	0.9485856	0.2435876	1.0103178	0.64662	0.63768
"""345"""	0.0270387	0.9230688	0.2414596	1.0281258	0.63768	0.64828
"""346"""	0.028197	0.9150048	0.2457156	1.0139112	0.64828	0.64035
"""347"""	0.0309015	0.9311328	0.2423184	1.0307652	0.64035	0.64302
"""348"""	0.0320598	0.9182592	0.2463464	1.0181565	0.64302	0.65324
"""349"""	0.0347643	0.9335232	0.243333	1.0224018	0.65324	0.62977
"""350"""	0.0359226	0.922104	0.2443476	1.0386516	0.62977	0.5571
"""351"""	0.0386262	0.9259488	0.2482312	1.0013343	0.5571	0.54626
"""352"""	0.0397854	0.9406656	0.2393126	0.885789	0.54626	0.56755
"""353"""	0.042489	0.9068688	0.211698	0.8685534	0.56755	0.5269
"""354"""	0.0436482	0.802224	0.2075788	0.9024045	0.5269	0.48035
"""355"""	0.0463518	0.7866144	0.215669	0.837771	0.48035	0.49277
"""356"""	0.047511	0.817272	0.200222	0.7637565	0.49277	0.50832
"""357"""	0.0502146	0.758736	0.182533	0.7835043	0.50832	0.49848
"""358"""	0.0513738	0.691704	0.1872526	0.8082288	0.49848	0.53461
"""359"""	0.0540774	0.7095888	0.1931616	0.7925832	0.53461	0.55667
"""360"""	0.0552357	0.7319808	0.1894224	0.8500299	0.55667	0.53772
"""361"""	0.0579402	0.7178112	0.2031518	0.8851053	0.53772	0.51872
"""362"""	0.0590985	0.7698384	0.2115346	0.8549748	0.51872	0.48433
"""363"""	0.061803	0.8016048	0.2043336	0.8247648	0.48433	0.50673
"""364"""	0.0629613	0.7743168	0.1971136	0.7700847	0.50673	0.50109
"""365"""	0.0656649	0.7469568	0.1840454	0.8057007	0.50109	0.50182
"""366"""	0.0668241	0.6974352	0.1925574	0.7967331	0.50182	0.46846
"""367"""	0.0695277	0.7296912	0.1904142	0.7978938	0.46846	0.46715
"""368"""	0.0706869	0.7215696	0.1906916	0.7448514	0.46715	0.46039
"""369"""	0.0733905	0.7226208	0.1780148	0.7427685	0.46039	0.43851
"""370"""	0.0745497	0.6745824	0.177517	0.7320201	0.43851	0.41746
"""371"""	0.0772533	0.672696	0.1749482	0.6972309	0.41746	0.47031
"""372"""	0.0784116	0.6629616	0.1666338	0.6637614	0.47031	0.48312
"""373"""	0.0811161	0.6314544	0.1586348	0.7477929	0.48312	0.48454
"""374"""	0.0822744	0.6011424	0.1787178	0.7681608	0.48454	0.47155
"""375"""	0.0849789	0.6772464	0.1835856	0.7704186	0.47155	0.46969
"""376"""	0.0861372	0.6956928	0.1841252	0.7497645	0.46969	0.48406
"""377"""	0.0888408	0.6977376	0.179189	0.7468071	0.48406	0.48918
"""378"""	0.09	0.679032	0.1784822	0.7696554	0.48918	0.48842
"""379"""	0	0.6763536	0.1839428	0.7777962	0.48842	0.50886
"""380"""	0.0011592	0.6970464	0.1858884	0.7765878	0.50886	0.52522
"""381"""	0.0038628	0.7044192	0.1855996	0.8090874	0.52522	0.53061
"""382"""	0.0050211	0.7033248	0.1933668	0.8350998	0.53061	0.51625
"""383"""	0.0077256	0.7327584	0.1995836	0.8436699	0.51625	0.49149
"""384"""	0.0088839	0.7563168	0.2016318	0.8208375	0.49149	0.47441
"""385"""	0.0115884	0.7640784	0.196175	0.7814691	0.47441	0.45386
"""386"""	0.0127467	0.7434	0.1867662	0.7543119	0.45386	0.44287
"""387"""	0.0154503	0.7077456	0.1802758	0.7216374	0.44287	0.46233
"""388"""	0.0166095	0.6831504	0.1724668	0.7041633	0.46233	0.47209
"""389"""	0.0193131	0.6535584	0.1682906	0.7351047	0.47209	0.4865
"""390"""	0.0204723	0.6377328	0.1756854	0.7506231	0.4865	0.47103
"""391"""	0.0231759	0.6657552	0.1793942	0.773535	0.47103	0.46077
"""392"""	0.0243351	0.6798096	0.18487	0.7489377	0.46077	0.44753
"""393"""	0.0270387	0.70056	0.1789914	0.7326243	0.44753	0.47751
"""394"""	0.028197	0.6782832	0.1750926	0.7115727	0.47751	0.49555
"""395"""	0.0309015	0.6635088	0.1700614	0.7592409	0.49555	0.47621
"""396"""	0.0320598	0.6444432	0.1814538	0.7879245	0.47621	0.4701
"""397"""	0.0347643	0.6876144	0.188309	0.7571739	0.4701	0.47803
"""398"""	0.0359226	0.713592	0.1809598	0.747459	0.47803	0.46249
"""399"""	0.0386262	0.6857424	0.178638	0.7600677	0.46249	0.43434
"""400"""	0.0397854	0.676944	0.1816514	0.7353591	0.43434	0.41814
"""401"""	0.042489	0.6883632	0.1757462	0.6906006	0.41814	0.44265
"""402"""	0.0436482	0.6659856	0.1650492	0.6648426	0.44265	0.44459
"""403"""	0.0463518	0.6254496	0.1588932	0.7038135	0.44459	0.44826
"""404"""	0.047511	0.6021216	0.168207	0.7068981	0.44826	0.46441
"""405"""	0.0502146	0.637416	0.1689442	0.7127334	0.46441	0.46332
"""406"""	0.0513738	0.6402096	0.1703388	0.7384119	0.46332	0.46786
"""407"""	0.0540774	0.6454944	0.1764758	0.7366788	0.46786	0.48326
"""408"""	0.0552357	0.6687504	0.1760616	0.7438974	0.48326	0.47863
"""409"""	0.0579402	0.6671808	0.1777868	0.7683834	0.47863	0.46606
"""410"""	0.0590985	0.6737184	0.1836388	0.7610217	0.46606	0.4077
"""411"""	0.061803	0.6958944	0.1818794	0.7410354	0.4077	0.41281
"""412"""	0.0629613	0.6892272	0.1771028	0.648243	0.41281	0.44109
"""413"""	0.0656649	0.6711264	0.154926	0.6563679	0.44109	0.43235
"""414"""	0.0668241	0.587088	0.1568678	0.7013331	0.43235	0.43562
"""415"""	0.0695277	0.5944464	0.1676142	0.6874365	0.43562	0.45058
"""416"""	0.0706869	0.6351696	0.164293	0.6926358	0.45058	0.45701
"""417"""	0.0733905	0.622584	0.1655356	0.7164222	0.45701	0.46806
"""418"""	0.0745497	0.6272928	0.1712204	0.7266459	0.46806	0.45639
"""419"""	0.0772533	0.6488352	0.1736638	0.7442154	0.45639	0.45388
"""420"""	0.0784116	0.6580944	0.1778628	0.7256601	0.45388	0.45438
"""421"""	0.0811161	0.6740064	0.1734282	0.7216692	0.45438	0.46754
"""422"""	0.0822744	0.6572016	0.1724744	0.7224642	0.46754	0.45124
"""423"""	0.0849789	0.6535872	0.1726644	0.7433886	0.45124	0.45547
"""424"""	0.0861372	0.6543072	0.1776652	0.7174716	0.45547	0.46947
"""425"""	0.0888408	0.6732576	0.1714712	0.7241973	0.46947	0.4717
"""426"""	0.09	0.6497856	0.1730786	0.7464573	0.4717	0.46405
"""427"""	0	0.6558768	0.1783986	0.750003	0.46405	0.47495
"""428"""	0.0011592	0.6760368	0.179246	0.7378395	0.47495	0.4833
"""429"""	0.0038628	0.679248	0.176339	0.7551705	0.4833	0.49014
"""430"""	0.0050211	0.668232	0.180481	0.768447	0.49014	0.52739
"""431"""	0.0077256	0.683928	0.183654	0.7793226	0.52739	0.52173
"""432"""	0.0088839	0.695952	0.1862532	0.8385501	0.52173	0.55111
"""433"""	0.0115884	0.7058016	0.2004082	0.8295507	0.55111	0.56569
"""434"""	0.0127467	0.7594416	0.1982574	0.8762649	0.56569	0.54827
"""435"""	0.0154503	0.7512912	0.2094218	0.8994471	0.54827	0.53462
"""436"""	0.0166095	0.7935984	0.2149622	0.8717493	0.53462	0.53484
"""437"""	0.0193131	0.8145936	0.2083426	0.8500458	0.53484	0.53497
"""438"""	0.0204723	0.7895088	0.2031556	0.8503956	0.53497	0.5432
"""439"""	0.0231759	0.7698528	0.2032392	0.8506023	0.5432	0.56367
"""440"""	0.0243351	0.7701696	0.2032886	0.863688	0.56367	0.52202
"""441"""	0.0270387	0.7703568	0.206416	0.8962353	0.52202	0.54516
"""442"""	0.028197	0.782208	0.2141946	0.8300118	0.54516	0.58128
"""443"""	0.0309015	0.8116848	0.1983676	0.8668044	0.58128	0.5745
"""444"""	0.0320598	0.7517088	0.2071608	0.9242352	0.5745	0.58692
"""445"""	0.0347643	0.7850304	0.2208864	0.913455	0.58692	0.59649
"""446"""	0.0359226	0.8370432	0.21831	0.9332028	0.59649	0.58847
"""447"""	0.0386262	0.82728	0.2230296	0.9484191	0.58847	0.57534
